{"cameraMode":{"drawMode":0,"name":"Shaded","section":"Shading Mode"},"sceneLighting":true,"audioPlay":false,"sceneViewState":{"m_AlwaysRefresh":false,"showFog":true,"showSkybox":true,"showFlares":true,"showImageEffects":true,"showParticleSystems":true,"showVisualEffectGraphs":true,"m_FxEnabled":true},"in2DMode":false,"pivot":{"x":-0.29271048307418826,"y":-609.459716796875,"z":2139.715576171875},"rotation":{"x":0.0003309446037746966,"y":-0.9983633160591126,"z":-0.013192892074584961,"w":-0.056438177824020389},"size":1.3989038467407227,"orthographic":false}