{"cameraMode":{"drawMode":0,"name":"Shaded","section":"Shading Mode"},"sceneLighting":false,"audioPlay":false,"sceneViewState":{"m_AlwaysRefresh":false,"showFog":true,"showSkybox":false,"showFlares":true,"showImageEffects":true,"showParticleSystems":true,"showVisualEffectGraphs":true,"m_FxEnabled":true},"in2DMode":false,"pivot":{"x":-2.2084500789642336,"y":-12.366900444030762,"z":33.17108917236328},"rotation":{"x":0.19845254719257356,"y":-0.01877405494451523,"z":0.003875053022056818,"w":0.9799627065658569},"size":27.29948616027832,"orthographic":false}